{
  "rasa_nlu_data": {
    "common_examples": [
      {
        "intent": "search_attraction",
        "entities": [
          {
            "start": 24,
            "end": 39,
            "value": "Sentosa Merlion",
            "entity": "attraction"
          }
        ],
        "text": "I'm interested to visit Sentosa Merlion"
      },
      {
        "intent": "search_attraction",
        "entities": [
          {
            "start": 22,
            "end": 37,
            "value": "Sentosa Merlion",
            "entity": "attraction"
          }
        ],
        "text": "I would like to visit Sentosa Merlion"
      },
      {
        "intent": "search_attraction",
        "entities": [
          {
            "start": 20,
            "end": 35,
            "value": "Sentosa Merlion",
            "entity": "attraction"
          }
        ],
        "text": "I want to visit the Sentosa Merlion"
      },
      {
        "intent": "search_attraction",
        "entities": [
          {
            "start": 22,
            "end": 37,
            "value": "Sentosa Merlion",
            "entity": "attraction"
          }
        ],
        "text": "I'm planning to visit Sentosa Merlion"
      },
      {
        "intent": "search_attraction",
        "entities": [
          {
            "start": 22,
            "end": 37,
            "value": "Sentosa Merlion",
            "entity": "attraction"
          }
        ],
        "text": "I'm thinking to visit Sentosa Merlion"
      },
      {
        "intent": "search_attraction",
        "entities": [
          {
            "start": 22,
            "end": 37,
            "value": "Sentosa Merlion",
            "entity": "attraction"
          }
        ],
        "text": "I might want to visit Sentosa Merlion"
      },
      {
        "intent": "search_attraction",
        "entities": [
          {
            "start": 34,
            "end": 49,
            "value": "Sentosa Merlion",
            "entity": "attraction"
          }
        ],
        "text": "I'm looking for information about Sentosa Merlion"
      },
      {
        "intent": "search_attraction",
        "entities": [
          {
            "start": 34,
            "end": 49,
            "value": "Sentosa Merlion",
            "entity": "attraction"
          }
        ],
        "text": "Do you have any information about Sentosa Merlion"
      },
      {
        "intent": "search_attraction",
        "entities": [
          {
            "start": 40,
            "end": 55,
            "value": "Sentosa Merlion",
            "entity": "attraction"
          }
        ],
        "text": "I'd like to have some information about Sentosa Merlion"
      },
      {
        "intent": "search_attraction",
        "entities": [
          {
            "start": 39,
            "end": 54,
            "value": "Sentosa Merlion",
            "entity": "attraction"
          }
        ],
        "text": "Can you help me with information about Sentosa Merlion"
      },
      {
        "intent": "search_attraction",
        "entities": [
          {
            "start": 30,
            "end": 45,
            "value": "Sentosa Merlion",
            "entity": "attraction"
          }
        ],
        "text": "I need some information about Sentosa Merlion"
      },
      {
        "intent": "search_attraction",
        "entities": [
          {
            "start": 34,
            "end": 49,
            "value": "Sentosa Merlion",
            "entity": "attraction"
          }
        ],
        "text": "I'm looking for information about Sentosa Merlion"
      },
      {
        "intent": "search_attraction",
        "entities": [
          {
            "start": 13,
            "end": 28,
            "value": "Sentosa Merlion",
            "entity": "attraction"
          }
        ],
        "text": "I read about Sentosa Merlion and I would like to visit"
      },
      {
        "intent": "search_attraction",
        "entities": [
          {
            "start": 13,
            "end": 28,
            "value": "Sentosa Merlion",
            "entity": "attraction"
          }
        ],
        "text": "I heard aboutSentosa Merlion and I'm planning to visit it"
      },
      {
        "intent": "search_attraction",
        "entities": [
          {
            "start": 19,
            "end": 34,
            "value": "Sentosa Merlion",
            "entity": "attraction"
          }
        ],
        "text": "I saw a picture of Sentosa Merlion and I would like to see it"
      },
      {
        "intent": "search_attraction",
        "entities": [
          {
            "start": 6,
            "end": 21,
            "value": "Sentosa Merlion",
            "entity": "attraction"
          }
        ],
        "text": "I saw Sentosa Merlion in a tv program and I'm interested to visit it"
      },
      {
        "intent": "search_attraction",
        "entities": [
          {
            "start": 14,
            "end": 29,
            "value": "Sentosa Merlion",
            "entity": "attraction"
          }
        ],
        "text": "I come across Sentosa Merlion in a magazine and I would like to know more about it"
      },
      {
        "intent": "search_attraction",
        "entities": [
          {
            "start": 24,
            "end": 39,
            "value": "Sentosa Merlion",
            "entity": "attraction"
          }
        ],
        "text": "My friend told me about Sentosa Merlion and I want to go there"
      },
      {
        "intent": "search_attraction",
        "entities": [
          {
            "start": 75,
            "end": 90,
            "value": "Sentosa Merlion",
            "entity": "attraction"
          }
        ],
        "text": "My friend visited Singapore some time ago and she had a good experience at Sentosa Merlion"
      },
      {
        "intent": "search_attraction",
        "entities": [
          {
            "start": 36,
            "end": 51,
            "value": "Sentosa Merlion",
            "entity": "attraction"
          }
        ],
        "text": "Our friends tell us we should visit Sentosa Merlion when we're in Singapore"
      },
      {
        "intent": "search_attraction",
        "entities": [
          {
            "start": 31,
            "end": 46,
            "value": "Sentosa Merlion",
            "entity": "attraction"
          }
        ],
        "text": "I was told that I should visit Sentosa Merlion while in Singapore"
      },
      {
        "intent": "search_hotel",
        "entities": [
          {
            "start": 34,
            "end": 63,
            "value": "The Fullerton Hotel Singapore",
            "entity": "hotel"
          }
        ],
        "text": "I'm looking for information about The Fullerton Hotel Singapore"
      },
      {
        "intent": "search_hotel",
        "entities": [
          {
            "start": 43,
            "end": 72,
            "value": "The Fullerton Hotel Singapore",
            "entity": "hotel"
          }
        ],
        "text": "I would like to get some information about The Fullerton Hotel Singapore"
      },
      {
        "intent": "search_hotel",
        "entities": [
          {
            "start": 30,
            "end": 59,
            "value": "The Fullerton Hotel Singapore",
            "entity": "hotel"
          }
        ],
        "text": "Do you have information about The Fullerton Hotel Singapore"
      },
      {
        "intent": "search_hotel",
        "entities": [
          {
            "start": 75,
            "end": 104,
            "value": "The Fullerton Hotel Singapore",
            "entity": "hotel"
          }
        ],
        "text": "I'm searching for accommodation and I wonder if you have information about The Fullerton Hotel Singapore"
      },
      {
        "intent": "search_hotel",
        "entities": [
          {
            "start": 64,
            "end": 93,
            "value": "The Fullerton Hotel Singapore",
            "entity": "hotel"
          }
        ],
        "text": "I'll be in Singapore for 2 nights and I'm looking at staying at The Fullerton Hotel Singapore"
      },
      {
        "intent": "search_hotel",
        "entities": [
          {
            "start": 25,
            "end": 54,
            "value": "The Fullerton Hotel Singapore",
            "entity": "hotel"
          }
        ],
        "text": "I considering to stay at The Fullerton Hotel Singapore and I need some information"
      },
      {
        "intent": "search_hotel",
        "entities": [
          {
            "start": 26,
            "end": 55,
            "value": "The Fullerton Hotel Singapore",
            "entity": "hotel"
          }
        ],
        "text": "I want to know more about The Fullerton Hotel Singapore as I might want to stay there"
      },
      {
        "intent": "search_hotel",
        "entities": [
          {
            "start": 32,
            "end": 61,
            "value": "The Fullerton Hotel Singapore",
            "entity": "hotel"
          }
        ],
        "text": "I looking for accommodation and The Fullerton Hotel Singapore is one of the choices. Do you have any information for it?"
      },
      {
        "intent": "search_hotel",
        "entities": [
          {
            "start": 52,
            "end": 81,
            "value": "The Fullerton Hotel Singapore",
            "entity": "hotel"
          }
        ],
        "text": "I'm looking for a hotel to stay - Do you know about The Fullerton Hotel Singapore"
      },
      {
        "intent": "search_hotel",
        "entities": [
          {
            "start": 56,
            "end": 85,
            "value": "The Fullerton Hotel Singapore",
            "entity": "hotel"
          }
        ],
        "text": "I'm wondering if you can help me with information about The Fullerton Hotel Singapore"
      },
      {
        "intent": "search_hotel",
        "entities": [
          {
            "start": 40,
            "end": 69,
            "value": "The Fullerton Hotel Singapore",
            "entity": "hotel"
          }
        ],
        "text": "Can you help to check information about The Fullerton Hotel Singapore"
      },
      {
        "intent": "search_hotel",
        "entities": [
          {
            "start": 56,
            "end": 85,
            "value": "The Fullerton Hotel Singapore",
            "entity": "hotel"
          }
        ],
        "text": "I need a place to stay in Singapore and I'm considering The Fullerton Hotel Singapore. Can you help me find some information for that?"
      },
      {
        "intent": "search_hotel",
        "entities": [
          {
            "start": 34,
            "end": 63,
            "value": "The Fullerton Hotel Singapore",
            "entity": "hotel"
          }
        ],
        "text": "I'm trying to find out more about The Fullerton Hotel Singapore because I want to stay there"
      },
      {
        "intent": "search_hotel",
        "entities": [
          {
            "start": 48,
            "end": 77,
            "value": "The Fullerton Hotel Singapore",
            "entity": "hotel"
          }
        ],
        "text": "I'm searching for information on a hotel called The Fullerton Hotel Singapore"
      },
      {
        "intent": "search_hotel",
        "entities": [
          {
            "start": 32,
            "end": 61,
            "value": "The Fullerton Hotel Singapore",
            "entity": "hotel"
          }
        ],
        "text": "I'd like to find out more about The Fullerton Hotel Singapore - we're thinking to stay there"
      },
      {
        "intent": "search_hotel",
        "entities": [
          {
            "start": 38,
            "end": 67,
            "value": "The Fullerton Hotel Singapore",
            "entity": "hotel"
          }
        ],
        "text": "I need some information about a hotel The Fullerton Hotel Singapore"
      },
      {
        "intent": "search_hotel",
        "entities": [
          {
            "start": 26,
            "end": 55,
            "value": "The Fullerton Hotel Singapore",
            "entity": "hotel"
          }
        ],
        "text": "I want to know more about The Fullerton Hotel Singapore before I make a reservation to stay there"
      },
      {
        "intent": "check_info",
        "entities": [
          {
            "start": 12,
            "end": 23,
            "value": "nearest mrt",
            "entity": "info_field"
          }
        ],
        "text": "What is the nearest mrt to the place"
      },
      {
        "intent": "check_info",
        "entities": [
          {
            "start": 25,
            "end": 36,
            "value": "nearest mrt",
            "entity": "info_field"
          }
        ],
        "text": "Do you know which is the nearest mrt"
      },
      {
        "intent": "check_info",
        "entities": [
          {
            "start": 25,
            "end": 36,
            "value": "nearest mrt",
            "entity": "info_field"
          }
        ],
        "text": "I would like to know the nearest mrt"
      },
      {
        "intent": "check_info",
        "entities": [
          {
            "start": 11,
            "end": 22,
            "value": "nearest mrt",
            "entity": "info_field"
          }
        ],
        "text": "I need the nearest mrt station"
      },
      {
        "intent": "check_info",
        "entities": [
          {
            "start": 20,
            "end": 31,
            "value": "nearest mrt",
            "entity": "info_field"
          }
        ],
        "text": "I'm looking for the nearest mrt"
      },
      {
        "intent": "check_info",
        "entities": [
          {
            "start": 25,
            "end": 36,
            "value": "nearest mrt",
            "entity": "info_field"
          }
        ],
        "text": "Can you help me find the nearest mrt"
      },
      {
        "intent": "check_info",
        "entities": [
          {
            "start": 39,
            "end": 50,
            "value": "nearest mrt",
            "entity": "info_field"
          }
        ],
        "text": "Will you be able to check which is the nearest mrt"
      },
      {
        "intent": "check_info",
        "entities": [
          {
            "start": 32,
            "end": 43,
            "value": "nearest mrt",
            "entity": "info_field"
          }
        ],
        "text": "I want to find out which is the nearest mrt"
      },
      {
        "intent": "check_info",
        "entities": [
          {
            "start": 28,
            "end": 39,
            "value": "nearest mrt",
            "entity": "info_field"
          }
        ],
        "text": "Is it possible to check the nearest mrt"
      },
      {
        "intent": "check_info",
        "entities": [
          {
            "start": 34,
            "end": 45,
            "value": "nearest mrt",
            "entity": "info_field"
          }
        ],
        "text": "Do you have information about the nearest mrt"
      },
      {
        "intent": "check_info",
        "entities": [
          {
            "start": 31,
            "end": 42,
            "value": "nearest mrt",
            "entity": "info_field"
          }
        ],
        "text": "I'm actually searching for the nearest mrt"
      },
      {
        "intent": "check_info",
        "entities": [
          {
            "start": 23,
            "end": 34,
            "value": "nearest mrt",
            "entity": "info_field"
          }
        ],
        "text": "I'm trying to find the nearest mrt"
      },
      {
        "intent": "check_info",
        "entities": [
          {
            "start": 32,
            "end": 43,
            "value": "nearest mrt",
            "entity": "info_field"
          }
        ],
        "text": "How can I get there, is there a nearest mrt"
      },
      {
        "intent": "check_info",
        "entities": [
          {
            "start": 11,
            "end": 22,
            "value": "nearest mrt",
            "entity": "info_field"
          }
        ],
        "text": "From which nearest mrt can I get there"
      },
      {
        "intent": "check_info",
        "entities": [
          {
            "start": 56,
            "end": 67,
            "value": "nearest mrt",
            "entity": "info_field"
          }
        ],
        "text": "I would like to get there by MRT - do you know at which nearest mrt should I stop"
      },
      {
        "intent": "check_info",
        "entities": [
          {
            "start": 23,
            "end": 34,
            "value": "nearest mrt",
            "entity": "info_field"
          }
        ],
        "text": "How can I get there by nearest mrt"
      },
      {
        "intent": "no_other_request",
        "text": "I don't have any more questions"
      },
      {
        "intent": "no_other_request",
        "text": "No more questions from me"
      },
      {
        "intent": "no_other_request",
        "text": "Thank you, that's all I need"
      },
      {
        "intent": "no_other_request",
        "text": "Ok I think I have everything I need"
      },
      {
        "intent": "no_other_request",
        "text": "That's it, I'm good to go"
      },
      {
        "intent": "no_other_request",
        "text": "That was very great help indeed"
      },
      {
        "intent": "no_other_request",
        "text": "Yes, that's all that I need"
      },
      {
        "intent": "no_other_request",
        "text": "You have answered all my questions"
      },
      {
        "intent": "no_other_request",
        "text": "That's all I need"
      },
      {
        "intent": "no_other_request",
        "text": "Thank you so much for the help"
      },
      {
        "intent": "no_other_request",
        "text": "Thanks for the help then"
      },
      {
        "intent": "no_other_request",
        "text": "Ok then, I'll be going"
      },
      {
        "intent": "no_other_request",
        "text": "okie dokie"
      },
      {
        "intent": "no_other_request",
        "text": "Bye then"
      },
      {
        "intent": "no_other_request",
        "text": "Cheers"
      },
      {
        "intent": "no_other_request",
        "text": "It was great talking to you"
      }
    ],
    "regex_features": [],
    "lookup_tables": [],
    "entity_synonyms": [
      {
        "value": "nearestMrtStation",
        "synonyms": [
          "mrt",
          "mrt station",
          "mrt stop",
          "train station",
          "public transport",
          "underground",
          "metro",
          "metro station",
          "nearest mrt",
          "nearest mrt station",
          "nearest mrt stop",
          "nearest train station",
          "nearest public transport",
          "nearest underground",
          "nearest metro",
          "nearest metro station",
          "nearby mrt",
          "nearby mrt station",
          "nearby mrt stop",
          "nearby train station",
          "nearby public transport",
          "nearby underground",
          "nearby metro",
          "nearby metro station",
          "mrt nearby",
          "mrt station nearby",
          "mrt stop nearby",
          "train station nearby",
          "public transport nearby",
          "underground nearby",
          "metro nearby",
          "metro station nearby"
        ]
      }
    ]
  }
}