{
  "action_fingerprints": {
    "action_listen": {
      "slots": [
        "info_field",
        "hotel",
        "attraction"
      ]
    },
    "action_get_hotel_entity": {
      "slots": [
        "hotel"
      ]
    },
    "action_search_hotel": {
      "slots": [
        "search_result"
      ]
    },
    "action_get_info_field_entity": {
      "slots": [
        "info_field"
      ]
    },
    "action_check_info": {
      "slots": [
        "info_result"
      ]
    },
    "utter_no_other_request": {
      "slots": []
    },
    "action_get_attraction_entity": {
      "slots": [
        "attraction"
      ]
    },
    "action_search_attraction": {
      "slots": [
        "search_result"
      ]
    }
  },
  "rasa_core": "0.11.8",
  "python": "3.6.7",
  "max_histories": [
    5
  ],
  "ensemble_name": "rasa_core.policies.ensemble.SimplePolicyEnsemble",
  "policy_names": [
    "rasa_core.policies.keras_policy.KerasPolicy"
  ]
}