{
  "rasa_nlu_data": {
    "common_examples": [
      {
        "intent": "search_attraction",
        "text": "I'm interested to visit [Sentosa Merlion][attraction]"
      },
      {
        "intent": "search_attraction",
        "text": "I would like to visit [Sentosa Merlion][attraction]"
      },
      {
        "intent": "search_attraction",
        "text": "I want to visit the [Sentosa Merlion][attraction]"
      },
      {
        "intent": "search_attraction",
        "text": "I'm planning to visit [Sentosa Merlion][attraction]"
      },
      {
        "intent": "search_attraction",
        "text": "I'm thinking to visit [Sentosa Merlion][attraction]"
      },
      {
        "intent": "search_attraction",
        "text": "I might want to visit [Sentosa Merlion][attraction]"
      },
      {
        "intent": "search_attraction",
        "text": "I'm looking for information about [Sentosa Merlion][attraction]"
      },
      {
        "intent": "search_attraction",
        "text": "Do you have any information about [Sentosa Merlion][attraction]"
      },
      {
        "intent": "search_attraction",
        "text": "I'd like to have some information about [Sentosa Merlion][attraction]"
      },
      {
        "intent": "search_attraction",
        "text": "Can you help me with information about [Sentosa Merlion][attraction]"
      },
      {
        "intent": "search_attraction",
        "text": "I need some information about [Sentosa Merlion][attraction]"
      },
      {
        "intent": "search_attraction",
        "text": "I'm looking for information about [Sentosa Merlion][attraction]"
      },
      {
        "intent": "search_attraction",
        "text": "I read about [Sentosa Merlion][attraction] and I would like to visit"
      },
      {
        "intent": "search_attraction",
        "text": "I heard about[Sentosa Merlion][attraction] and I'm planning to visit it"
      },
      {
        "intent": "search_attraction",
        "text": "I saw a picture of [Sentosa Merlion][attraction] and I would like to see it"
      },
      {
        "intent": "search_attraction",
        "text": "I saw [Sentosa Merlion][attraction] in a tv program and I'm interested to visit it"
      },
      {
        "intent": "search_attraction",
        "text": "I come across [Sentosa Merlion][attraction] in a magazine and I would like to know more about it"
      },
      {
        "intent": "search_attraction",
        "text": "My friend told me about [Sentosa Merlion][attraction] and I want to go there"
      },
      {
        "intent": "search_attraction",
        "text": "My friend visited Singapore some time ago and she had a good experience at [Sentosa Merlion][attraction]"
      },
      {
        "intent": "search_attraction",
        "text": "Our friends tell us we should visit [Sentosa Merlion][attraction] when we're in Singapore"
      },
      {
        "intent": "search_attraction",
        "text": "I was told that I should visit [Sentosa Merlion][attraction] while in Singapore"
      },
      {
        "intent": "search_hotel",
        "text": "I'm looking for information about [The Fullerton Hotel Singapore][hotel]"
      },
      {
        "intent": "search_hotel",
        "text": "I would like to get some information about [The Fullerton Hotel Singapore][hotel]"
      },
      {
        "intent": "search_hotel",
        "text": "Do you have information about [The Fullerton Hotel Singapore][hotel]"
      },
      {
        "intent": "search_hotel",
        "text": "I'm searching for accommodation and I wonder if you have information about [The Fullerton Hotel Singapore][hotel]"
      },
      {
        "intent": "search_hotel",
        "text": "I'll be in Singapore for 2 nights and I'm looking at staying at [The Fullerton Hotel Singapore][hotel]"
      },
      {
        "intent": "search_hotel",
        "text": "I considering to stay at [The Fullerton Hotel Singapore][hotel] and I need some information"
      },
      {
        "intent": "search_hotel",
        "text": "I want to know more about [The Fullerton Hotel Singapore][hotel] as I might want to stay there"
      },
      {
        "intent": "search_hotel",
        "text": "I looking for accommodation and [The Fullerton Hotel Singapore][hotel] is one of the choices. Do you have any information for it?"
      },
      {
        "intent": "search_hotel",
        "text": "I'm looking for a hotel to stay - Do you know about [The Fullerton Hotel Singapore][hotel]"
      },
      {
        "intent": "search_hotel",
        "text": "I'm wondering if you can help me with information about [The Fullerton Hotel Singapore][hotel]"
      },
      {
        "intent": "search_hotel",
        "text": "Can you help to check information about [The Fullerton Hotel Singapore][hotel]"
      },
      {
        "intent": "search_hotel",
        "text": "I need a place to stay in Singapore and I'm considering [The Fullerton Hotel Singapore][hotel]. Can you help me find some information for that?"
      },
      {
        "intent": "search_hotel",
        "text": "I'm trying to find out more about [The Fullerton Hotel Singapore][hotel] because I want to stay there"
      },
      {
        "intent": "search_hotel",
        "text": "I'm searching for information on a hotel called [The Fullerton Hotel Singapore][hotel]"
      },
      {
        "intent": "search_hotel",
        "text": "I'd like to find out more about [The Fullerton Hotel Singapore][hotel] - we're thinking to stay there"
      },
      {
        "intent": "search_hotel",
        "text": "I need some information about a hotel [The Fullerton Hotel Singapore][hotel]"
      },
      {
        "intent": "search_hotel",
        "text": "I want to know more about [The Fullerton Hotel Singapore][hotel] before I make a reservation to stay there"
      },
      {
        "intent": "check_info",
        "text": "What is the [nearest mrt][info_field] to the place"
      },
      {
        "intent": "check_info",
        "text": "Do you know which is the [nearest mrt][info_field]"
      },
      {
        "intent": "check_info",
        "text": "I would like to know the [nearest mrt][info_field]"
      },
      {
        "intent": "check_info",
        "text": "I need the [nearest mrt][info_field] station"
      },
      {
        "intent": "check_info",
        "text": "I'm looking for the [nearest mrt][info_field]"
      },
      {
        "intent": "check_info",
        "text": "Can you help me find the [nearest mrt][info_field]"
      },
      {
        "intent": "check_info",
        "text": "Will you be able to check which is the [nearest mrt][info_field]"
      },
      {
        "intent": "check_info",
        "text": "I want to find out which is the [nearest mrt][info_field]"
      },
      {
        "intent": "check_info",
        "text": "Is it possible to check the [nearest mrt][info_field]"
      },
      {
        "intent": "check_info",
        "text": "Do you have information about the [nearest mrt][info_field]"
      },
      {
        "intent": "check_info",
        "text": "I'm actually searching for the [nearest mrt][info_field]"
      },
      {
        "intent": "check_info",
        "text": "I'm trying to find the [nearest mrt][info_field]"
      },
      {
        "intent": "check_info",
        "text": "How can I get there, is there a [nearest mrt][info_field]"
      },
      {
        "intent": "check_info",
        "text": "From which [nearest mrt][info_field] can I get there"
      },
      {
        "intent": "check_info",
        "text": "I would like to get there by MRT - do you know at which [nearest mrt][info_field] should I stop"
      },
      {
        "intent": "check_info",
        "text": "How can I get there by [nearest mrt][info_field]"
      },
      {
        "intent": "no_other_request",
        "text": "I don't have any more questions"
      },
      {
        "intent": "no_other_request",
        "text": "No more questions from me"
      },
      {
        "intent": "no_other_request",
        "text": "Thank you, that's all I need"
      },
      {
        "intent": "no_other_request",
        "text": "Ok I think I have everything I need"
      },
      {
        "intent": "no_other_request",
        "text": "That's it, I'm good to go"
      },
      {
        "intent": "no_other_request",
        "text": "That was very great help indeed"
      },
      {
        "intent": "no_other_request",
        "text": "Yes, that's all that I need"
      },
      {
        "intent": "no_other_request",
        "text": "You have answered all my questions"
      },
      {
        "intent": "no_other_request",
        "text": "That's all I need"
      },
      {
        "intent": "no_other_request",
        "text": "Thank you so much for the help"
      },
      {
        "intent": "no_other_request",
        "text": "Thanks for the help then"
      },
      {
        "intent": "no_other_request",
        "text": "Ok then, I'll be going"
      },
      {
        "intent": "no_other_request",
        "text": "okie dokie"
      },
      {
        "intent": "no_other_request",
        "text": "Bye then"
      },
      {
        "intent": "no_other_request",
        "text": "Cheers"
      },
      {
        "intent": "no_other_request",
        "text": "It was great talking to you"
      }
    ],
    "regex_features": [],
    "lookup_tables": [],
    "entity_synonyms": [
      {
        "value": "nearestMrtStation",
        "synonyms": [
          "mrt",
          "mrt station",
          "mrt stop",
          "train station",
          "public transport",
          "underground",
          "metro",
          "metro station",
          "nearest mrt",
          "nearest mrt station",
          "nearest mrt stop",
          "nearest train station",
          "nearest public transport",
          "nearest underground",
          "nearest metro",
          "nearest metro station",
          "nearby mrt",
          "nearby mrt station",
          "nearby mrt stop",
          "nearby train station",
          "nearby public transport",
          "nearby underground",
          "nearby metro",
          "nearby metro station",
          "mrt nearby",
          "mrt station nearby",
          "mrt stop nearby",
          "train station nearby",
          "public transport nearby",
          "underground nearby",
          "metro nearby",
          "metro station nearby"
        ]
      }
    ]
  }
}