{"py/object": "rasa_core.featurizers.MaxHistoryTrackerFeaturizer", "max_history": 5, "remove_duplicates": true, "state_featurizer": {"py/object": "rasa_core.featurizers.BinarySingleStateFeaturizer", "input_state_map": {"intent_check_info": 0, "intent_no_other_request": 1, "intent_search_attraction": 2, "intent_search_hotel": 3, "prev_action_check_info": 18, "prev_action_default_fallback": 11, "prev_action_get_attraction_entity": 12, "prev_action_get_hotel_entity": 21, "prev_action_get_info_field_entity": 16, "prev_action_listen": 9, "prev_action_restart": 10, "prev_action_search_attraction": 14, "prev_action_search_hotel": 23, "prev_utter_check_info": 17, "prev_utter_info_result": 19, "prev_utter_no_other_request": 20, "prev_utter_search_attraction": 13, "prev_utter_search_hotel": 22, "prev_utter_search_result": 15, "slot_attraction_0": 4, "slot_hotel_0": 5, "slot_info_field_0": 6, "slot_info_result_0": 7, "slot_search_result_0": 8}, "num_features": 24, "slot_feature_len": 5, "user_feature_len": 4}, "use_intent_probabilities": false}