{
  "mrt": "nearestMrtStation",
  "mrt station": "nearestMrtStation",
  "mrt stop": "nearestMrtStation",
  "train": "nearestMrtStation",
  "train station": "nearestMrtStation",
  "public transport": "nearestMrtStation",
  "underground": "nearestMrtStation",
  "metro": "nearestMrtStation",
  "metro station": "nearestMrtStation",
  "nearest mrt": "nearestMrtStation",
  "nearest mrt station": "nearestMrtStation",
  "nearest mrt stop": "nearestMrtStation",
  "nearest train station": "nearestMrtStation",
  "nearest public transport": "nearestMrtStation",
  "nearest underground": "nearestMrtStation",
  "nearest metro": "nearestMrtStation",
  "nearest metro station": "nearestMrtStation",
  "nearby mrt": "nearestMrtStation",
  "nearby mrt station": "nearestMrtStation",
  "nearby mrt stop": "nearestMrtStation",
  "nearby train station": "nearestMrtStation",
  "nearby public transport": "nearestMrtStation",
  "nearby underground": "nearestMrtStation",
  "nearby metro": "nearestMrtStation",
  "nearby metro station": "nearestMrtStation",
  "mrt nearby": "nearestMrtStation",
  "mrt station nearby": "nearestMrtStation",
  "mrt stop nearby": "nearestMrtStation",
  "train station nearby": "nearestMrtStation",
  "public transport nearby": "nearestMrtStation",
  "underground nearby": "nearestMrtStation",
  "metro nearby": "nearestMrtStation",
  "metro station nearby": "nearestMrtStation",
  "business hour": "businessHour",
  "admission info": "admissionInfo",
  "ticket price": "admissionInfo",
  "ticket prices": "admissionInfo",
  "cost": "admissionInfo",
  "official website": "officialWebsite",
  "company website": "officialWebsite"
}