{
  "rasa_nlu_data": {
    "common_examples": [
      {
        "intent": "search_attraction",
        "entities": [
          {
            "start": 24,
            "end": 39,
            "value": "Sentosa Merlion",
            "entity": "attraction"
          }
        ],
        "text": "I'm interested to visit Sentosa Merlion"
      },
      {
        "intent": "search_attraction",
        "entities": [
          {
            "start": 22,
            "end": 35,
            "value": "Singapore Zoo",
            "entity": "attraction"
          }
        ],
        "text": "I would like to visit Singapore Zoo"
      },
      {
        "intent": "search_attraction",
        "entities": [
          {
            "start": 20,
            "end": 35,
            "value": "Singapore Flyer",
            "entity": "attraction"
          }
        ],
        "text": "I want to visit the Singapore Flyer"
      },
      {
        "intent": "search_attraction",
        "entities": [
          {
            "start": 22,
            "end": 42,
            "value": "Singapore Art Museum",
            "entity": "attraction"
          }
        ],
        "text": "I'm planning to visit Singapore Art Museum"
      },
      {
        "intent": "search_attraction",
        "entities": [
          {
            "start": 22,
            "end": 47,
            "value": "Singapore Botanic Gardens",
            "entity": "attraction"
          }
        ],
        "text": "I'm thinking to visit Singapore Botanic Gardens"
      },
      {
        "intent": "search_attraction",
        "entities": [
          {
            "start": 22,
            "end": 49,
            "value": "Singapore Philatelic Museum",
            "entity": "attraction"
          }
        ],
        "text": "I might want to visit Singapore Philatelic Museum"
      },
      {
        "intent": "search_attraction",
        "entities": [
          {
            "start": 34,
            "end": 58,
            "value": "Science Centre Singapore",
            "entity": "attraction"
          }
        ],
        "text": "I'm looking for information about Science Centre Singapore"
      },
      {
        "intent": "search_attraction",
        "entities": [
          {
            "start": 34,
            "end": 60,
            "value": "National Gallery Singapore",
            "entity": "attraction"
          }
        ],
        "text": "Do you have any information about National Gallery Singapore"
      },
      {
        "intent": "search_attraction",
        "entities": [
          {
            "start": 40,
            "end": 68,
            "value": "National Museum of Singapore",
            "entity": "attraction"
          }
        ],
        "text": "I'd like to have some information about National Museum of Singapore"
      },
      {
        "intent": "search_attraction",
        "entities": [
          {
            "start": 39,
            "end": 58,
            "value": "The Southern Ridges",
            "entity": "attraction"
          }
        ],
        "text": "Can you help me with information about The Southern Ridges"
      },
      {
        "intent": "search_attraction",
        "entities": [
          {
            "start": 30,
            "end": 45,
            "value": "Henderson Waves",
            "entity": "attraction"
          }
        ],
        "text": "I need some information about Henderson Waves"
      },
      {
        "intent": "search_attraction",
        "entities": [
          {
            "start": 34,
            "end": 48,
            "value": "The Substation",
            "entity": "attraction"
          }
        ],
        "text": "I'm looking for information about The Substation"
      },
      {
        "intent": "search_attraction",
        "entities": [
          {
            "start": 13,
            "end": 31,
            "value": "Gardens by the Bay",
            "entity": "attraction"
          }
        ],
        "text": "I read about Gardens by the Bay and I would like to visit"
      },
      {
        "intent": "search_attraction",
        "entities": [
          {
            "start": 13,
            "end": 40,
            "value": "Reflections at Bukit Chandu",
            "entity": "attraction"
          }
        ],
        "text": "I heard aboutReflections at Bukit Chandu and I'm planning to visit it"
      },
      {
        "intent": "search_attraction",
        "entities": [
          {
            "start": 19,
            "end": 35,
            "value": "Marina Bay Sands",
            "entity": "attraction"
          }
        ],
        "text": "I saw a picture of Marina Bay Sands and I would like to see it"
      },
      {
        "intent": "search_attraction",
        "entities": [
          {
            "start": 6,
            "end": 18,
            "value": "River Safari",
            "entity": "attraction"
          }
        ],
        "text": "I saw River Safari in a tv program and I'm interested to visit it"
      },
      {
        "intent": "search_attraction",
        "entities": [
          {
            "start": 14,
            "end": 47,
            "value": "Sun Yat Sen Nanyang Memorial Hall",
            "entity": "attraction"
          }
        ],
        "text": "I come across Sun Yat Sen Nanyang Memorial Hall in a magazine and I would like to know more about it"
      },
      {
        "intent": "search_attraction",
        "entities": [
          {
            "start": 24,
            "end": 49,
            "value": "MacRitchie Reservoir Park",
            "entity": "attraction"
          }
        ],
        "text": "My friend told me about MacRitchie Reservoir Park and I want to go there"
      },
      {
        "intent": "search_attraction",
        "entities": [
          {
            "start": 75,
            "end": 92,
            "value": "ArtScience Museum",
            "entity": "attraction"
          }
        ],
        "text": "My friend visited Singapore some time ago and she had a good experience at ArtScience Museum"
      },
      {
        "intent": "search_attraction",
        "entities": [
          {
            "start": 36,
            "end": 49,
            "value": "Rail Corridor",
            "entity": "attraction"
          }
        ],
        "text": "Our friends tell us we should visit Rail Corridor when we're in Singapore"
      },
      {
        "intent": "search_attraction",
        "entities": [
          {
            "start": 31,
            "end": 52,
            "value": "Resorts World Sentosa",
            "entity": "attraction"
          }
        ],
        "text": "I was told that I should visit Resorts World Sentosa while in Singapore"
      },
      {
        "intent": "search_hotel",
        "entities": [
          {
            "start": 34,
            "end": 63,
            "value": "The Fullerton Hotel Singapore",
            "entity": "hotel"
          }
        ],
        "text": "I'm looking for information about The Fullerton Hotel Singapore"
      },
      {
        "intent": "search_hotel",
        "entities": [
          {
            "start": 43,
            "end": 57,
            "value": "The Quay Hotel",
            "entity": "hotel"
          }
        ],
        "text": "I would like to get some information about The Quay Hotel"
      },
      {
        "intent": "search_hotel",
        "entities": [
          {
            "start": 30,
            "end": 41,
            "value": "Hotel Royal",
            "entity": "hotel"
          }
        ],
        "text": "Do you have information about Hotel Royal"
      },
      {
        "intent": "search_hotel",
        "entities": [
          {
            "start": 75,
            "end": 88,
            "value": "Hotel Michael",
            "entity": "hotel"
          }
        ],
        "text": "I'm searching for accommodation and I wonder if you have information about Hotel Michael"
      },
      {
        "intent": "search_hotel",
        "entities": [
          {
            "start": 64,
            "end": 91,
            "value": "Hotel Jen Tanglin Singapore",
            "entity": "hotel"
          }
        ],
        "text": "I'll be in Singapore for 2 nights and I'm looking at staying at Hotel Jen Tanglin Singapore"
      },
      {
        "intent": "search_hotel",
        "entities": [
          {
            "start": 25,
            "end": 54,
            "value": "Hotel Indigo Singapore Katong",
            "entity": "hotel"
          }
        ],
        "text": "I considering to stay at Hotel Indigo Singapore Katong and I need some information"
      },
      {
        "intent": "search_hotel",
        "entities": [
          {
            "start": 26,
            "end": 35,
            "value": "Hotel Yan",
            "entity": "hotel"
          }
        ],
        "text": "I want to know more about Hotel Yan as I might want to stay there"
      },
      {
        "intent": "search_hotel",
        "entities": [
          {
            "start": 32,
            "end": 51,
            "value": "Hotel Grand Central",
            "entity": "hotel"
          }
        ],
        "text": "I looking for accommodation and Hotel Grand Central is one of the choices. Do you have any information for it?"
      },
      {
        "intent": "search_hotel",
        "entities": [
          {
            "start": 52,
            "end": 62,
            "value": "Hotel Boss",
            "entity": "hotel"
          }
        ],
        "text": "I'm looking for a hotel to stay - Do you know about Hotel Boss"
      },
      {
        "intent": "search_hotel",
        "entities": [
          {
            "start": 56,
            "end": 70,
            "value": "Hotel Clover 7",
            "entity": "hotel"
          }
        ],
        "text": "I'm wondering if you can help me with information about Hotel Clover 7"
      },
      {
        "intent": "search_hotel",
        "entities": [
          {
            "start": 40,
            "end": 53,
            "value": "Festive Hotel",
            "entity": "hotel"
          }
        ],
        "text": "Can you help to check information about Festive Hotel"
      },
      {
        "intent": "search_hotel",
        "entities": [
          {
            "start": 56,
            "end": 70,
            "value": "Equarius Hotel",
            "entity": "hotel"
          }
        ],
        "text": "I need a place to stay in Singapore and I'm considering Equarius Hotel. Can you help me find some information for that?"
      },
      {
        "intent": "search_hotel",
        "entities": [
          {
            "start": 34,
            "end": 47,
            "value": "Arcadia Hotel",
            "entity": "hotel"
          }
        ],
        "text": "I'm trying to find out more about Arcadia Hotel because I want to stay there"
      },
      {
        "intent": "search_hotel",
        "entities": [
          {
            "start": 48,
            "end": 80,
            "value": "Copthorne King's Hotel Singapore",
            "entity": "hotel"
          }
        ],
        "text": "I'm searching for information on a hotel called Copthorne King's Hotel Singapore"
      },
      {
        "intent": "search_hotel",
        "entities": [
          {
            "start": 32,
            "end": 48,
            "value": "One Farrer Hotel",
            "entity": "hotel"
          }
        ],
        "text": "I'd like to find out more about One Farrer Hotel - we're thinking to stay there"
      },
      {
        "intent": "search_hotel",
        "entities": [
          {
            "start": 38,
            "end": 70,
            "value": "\"Village Hotel Katongl Singapore",
            "entity": "hotel"
          }
        ],
        "text": "I need some information about a hotel \"Village Hotel Katongl Singapore"
      },
      {
        "intent": "search_hotel",
        "entities": [
          {
            "start": 26,
            "end": 46,
            "value": "Village Hotel Changi",
            "entity": "hotel"
          }
        ],
        "text": "I want to know more about Village Hotel Changi before I make a reservation to stay there"
      },
      {
        "intent": "check_info",
        "entities": [
          {
            "start": 12,
            "end": 23,
            "value": "nearest mrt",
            "entity": "info_field"
          }
        ],
        "text": "What is the nearest mrt to the place"
      },
      {
        "intent": "check_info",
        "entities": [
          {
            "start": 24,
            "end": 31,
            "value": "address",
            "entity": "info_field"
          }
        ],
        "text": "Do you know what is the address"
      },
      {
        "intent": "check_info",
        "entities": [
          {
            "start": 25,
            "end": 38,
            "value": "business hour",
            "entity": "info_field"
          }
        ],
        "text": "I would like to know the business hour"
      },
      {
        "intent": "check_info",
        "entities": [
          {
            "start": 23,
            "end": 37,
            "value": "admission info",
            "entity": "info_field"
          }
        ],
        "text": "I want to find out the admission info"
      },
      {
        "intent": "check_info",
        "entities": [
          {
            "start": 20,
            "end": 27,
            "value": "contact",
            "entity": "info_field"
          }
        ],
        "text": "I'm looking for the contact"
      },
      {
        "intent": "check_info",
        "entities": [
          {
            "start": 25,
            "end": 41,
            "value": "official website",
            "entity": "info_field"
          }
        ],
        "text": "Can you help me find the official website"
      },
      {
        "intent": "check_info",
        "entities": [
          {
            "start": 39,
            "end": 48,
            "value": "amenities",
            "entity": "info_field"
          }
        ],
        "text": "Will you be able to check what are the amenities"
      },
      {
        "intent": "check_info",
        "entities": [
          {
            "start": 32,
            "end": 51,
            "value": "nearest underground",
            "entity": "info_field"
          }
        ],
        "text": "I want to find out which is the nearest underground"
      },
      {
        "intent": "check_info",
        "entities": [
          {
            "start": 28,
            "end": 41,
            "value": "train station",
            "entity": "info_field"
          }
        ],
        "text": "Is it possible to check the train station"
      },
      {
        "intent": "check_info",
        "entities": [
          {
            "start": 34,
            "end": 44,
            "value": "nearby mrt",
            "entity": "info_field"
          }
        ],
        "text": "Do you have information about the nearby mrt"
      },
      {
        "intent": "check_info",
        "entities": [
          {
            "start": 31,
            "end": 42,
            "value": "nearest mrt",
            "entity": "info_field"
          }
        ],
        "text": "I'm actually searching for the nearest mrt"
      },
      {
        "intent": "check_info",
        "entities": [
          {
            "start": 23,
            "end": 35,
            "value": "ticket price",
            "entity": "info_field"
          }
        ],
        "text": "I'm trying to find the ticket price"
      },
      {
        "intent": "check_info",
        "entities": [
          {
            "start": 32,
            "end": 47,
            "value": "mrt stop nearby",
            "entity": "info_field"
          }
        ],
        "text": "How can I get there, is there a mrt stop nearby"
      },
      {
        "intent": "check_info",
        "entities": [
          {
            "start": 11,
            "end": 34,
            "value": "nearby public transport",
            "entity": "info_field"
          }
        ],
        "text": "From which nearby public transport can I get there"
      },
      {
        "intent": "check_info",
        "entities": [
          {
            "start": 56,
            "end": 59,
            "value": "mrt",
            "entity": "info_field"
          }
        ],
        "text": "I would like to get there by MRT - do you know at which mrt should I stop"
      },
      {
        "intent": "check_info",
        "entities": [
          {
            "start": 23,
            "end": 28,
            "value": "train",
            "entity": "info_field"
          }
        ],
        "text": "How can I get there by train"
      },
      {
        "intent": "no_other_request",
        "text": "I don't have any more questions"
      },
      {
        "intent": "no_other_request",
        "text": "No more questions from me"
      },
      {
        "intent": "no_other_request",
        "text": "Thank you, that's all I need"
      },
      {
        "intent": "no_other_request",
        "text": "Ok I think I have everything I need"
      },
      {
        "intent": "no_other_request",
        "text": "That's it, I'm good to go"
      },
      {
        "intent": "no_other_request",
        "text": "That was very great help indeed"
      },
      {
        "intent": "no_other_request",
        "text": "Yes, that's all that I need"
      },
      {
        "intent": "no_other_request",
        "text": "You have answered all my questions"
      },
      {
        "intent": "no_other_request",
        "text": "That's all I need"
      },
      {
        "intent": "no_other_request",
        "text": "Thank you so much for the help"
      },
      {
        "intent": "no_other_request",
        "text": "Thanks for the help then"
      },
      {
        "intent": "no_other_request",
        "text": "Ok then, I'll be going"
      },
      {
        "intent": "no_other_request",
        "text": "okie dokie"
      },
      {
        "intent": "no_other_request",
        "text": "Bye then"
      },
      {
        "intent": "no_other_request",
        "text": "Cheers"
      },
      {
        "intent": "no_other_request",
        "text": "It was great talking to you"
      }
    ],
    "regex_features": [],
    "lookup_tables": [],
    "entity_synonyms": [
      {
        "value": "nearestMrtStation",
        "synonyms": [
          "mrt",
          "mrt station",
          "mrt stop",
          "train",
          "train station",
          "public transport",
          "underground",
          "metro",
          "metro station",
          "nearest mrt",
          "nearest mrt station",
          "nearest mrt stop",
          "nearest train station",
          "nearest public transport",
          "nearest underground",
          "nearest metro",
          "nearest metro station",
          "nearby mrt",
          "nearby mrt station",
          "nearby mrt stop",
          "nearby train station",
          "nearby public transport",
          "nearby underground",
          "nearby metro",
          "nearby metro station",
          "mrt nearby",
          "mrt station nearby",
          "mrt stop nearby",
          "train station nearby",
          "public transport nearby",
          "underground nearby",
          "metro nearby",
          "metro station nearby"
        ]
      },
      {
        "value": "businessHour",
        "synonyms": [
          "business hour"
        ]
      },
      {
        "value": "admissionInfo",
        "synonyms": [
          "admission info",
          "ticket price",
          "ticket prices",
          "cost"
        ]
      },
      {
        "value": "officialWebsite",
        "synonyms": [
          "official website",
          "company website"
        ]
      }
    ]
  }
}